{
  "Items": [
    {
      "Title": "1 sample value for column Title",
      "Summary": "Lorem ipsum dolor sit amet, constecteuer sed tincidunt nonummy magna magna sit magna nonummy adipiscing adipiscing euismod ut tincidunt consectetuer adipiscing diam consectetuer ipsum dolor dolor ipsum ipsum nonummy amet sed magna laoreet nonummy ipsum diam elit magna dolore ipsum nibh magna euismod nonummy aliquam laoreet nibh dolore elit magna ipsum erat sed nonummy elit. consectetuer laoreet diam diam consectetuer dolore adipiscing sit adipiscing diam erat sed adipiscing sed dolore aliquam laoreet aliquam euismod ut sed magna laoreet sit adipiscing nibh consectetuer ut euismod dolor sed diam amet dolor dolore ut aliquam elit nonummy consectetuer amet ut adipiscing lorem erat elit amet elit nonummy. erat adipiscing ipsum dolore dolore aliquam sed erat consectetuer sit ut nonummy euismod nonummy sit lorem diam sit sit euismod dolor erat elit sed adipiscing diam ut nibh laoreet amet erat adipiscing magna sit tincidunt dolore elit tincidunt sed amet sed ut euismod sit laoreet ut nibh amet dolor. \r\n",
      "Content": "Lorem ipsum dolor sit amet, constecteuer lorem laoreet sed erat aliquam euismod diam adipiscing amet magna amet ipsum sit elit tincidunt sed dolore elit tincidunt dolore ut erat sit elit elit sit euismod euismod magna diam sed laoreet ut laoreet adipiscing ipsum laoreet ut aliquam ut amet dolor erat nibh nonummy nonummy lorem elit lorem dolor elit ut adipiscing tincidunt diam lorem nibh lorem nibh ut lorem dolore sed laoreet sed sed elit sed ipsum nibh tincidunt dolor diam aliquam nibh nibh lorem euismod dolore dolore sit amet nibh ut ipsum tincidunt diam ipsum consectetuer consectetuer nonummy ut. dolor sit ut elit tincidunt amet sit ipsum sit nibh adipiscing diam diam consectetuer consectetuer elit ipsum magna lorem aliquam amet laoreet nonummy laoreet amet tincidunt tincidunt ut erat consectetuer dolor laoreet ipsum aliquam erat consectetuer amet sit magna dolore diam ut euismod nibh aliquam dolor consectetuer dolore sed ipsum lorem sed consectetuer nibh nonummy elit euismod aliquam sit lorem nonummy sed dolor aliquam diam nonummy elit nibh adipiscing erat dolor magna erat sit diam diam dolor aliquam dolore ipsum sed dolore adipiscing aliquam amet ut nonummy nonummy elit euismod euismod consectetuer. lorem magna consectetuer ipsum euismod tincidunt dolor sed laoreet tincidunt nonummy sed aliquam sit sed ipsum ipsum ipsum amet tincidunt ipsum ipsum nibh ut ipsum sit ut laoreet erat magna amet tincidunt adipiscing magna dolore dolor aliquam sed dolore sed dolore sed adipiscing ut adipiscing aliquam erat ipsum adipiscing sed sed consectetuer elit aliquam sit erat adipiscing nibh erat sed erat elit sed magna diam dolore ipsum ipsum adipiscing adipiscing sit tincidunt consectetuer laoreet magna tincidunt ut dolore elit sit amet euismod diam nonummy diam aliquam adipiscing elit tincidunt magna laoreet elit. \r\ndiam elit diam diam erat diam consectetuer nonummy dolore magna ut erat consectetuer ut lorem euismod ipsum nonummy amet diam amet laoreet amet elit aliquam magna sed nibh nonummy tincidunt sed diam nonummy dolore amet magna adipiscing elit tincidunt consectetuer nibh dolore elit adipiscing aliquam diam consectetuer laoreet magna ut adipiscing dolor euismod adipiscing sit tincidunt sit ipsum nibh dolor lorem ut lorem sit diam consectetuer diam diam diam sit consectetuer tincidunt magna erat aliquam elit sed magna diam diam euismod tincidunt tincidunt dolore elit consectetuer dolore amet tincidunt nonummy tincidunt amet. dolore nibh amet dolore dolore amet dolore euismod erat laoreet consectetuer ut sed euismod consectetuer euismod elit laoreet consectetuer consectetuer euismod dolor diam elit ipsum amet laoreet amet sed consectetuer dolore aliquam diam lorem magna consectetuer ut ipsum nonummy amet lorem dolore diam dolore elit aliquam elit ut erat sit dolore magna consectetuer sed nibh ut ipsum magna laoreet euismod sed euismod amet ut erat adipiscing consectetuer elit laoreet lorem aliquam consectetuer consectetuer ipsum consectetuer dolore euismod tincidunt erat dolor dolore ipsum consectetuer amet sed erat tincidunt ipsum diam dolor amet magna. adipiscing aliquam laoreet sed euismod laoreet magna ipsum tincidunt lorem aliquam erat consectetuer nibh nibh sit dolor laoreet ipsum sed magna tincidunt laoreet adipiscing elit erat adipiscing lorem euismod sit aliquam tincidunt laoreet lorem erat elit consectetuer dolore amet magna laoreet aliquam sed dolore dolor consectetuer erat dolore elit nonummy aliquam tincidunt ipsum laoreet lorem tincidunt dolor diam lorem tincidunt diam magna sed diam ipsum consectetuer sit consectetuer nibh amet magna adipiscing nibh amet euismod aliquam amet erat sit ipsum lorem diam euismod dolor consectetuer amet nibh erat lorem adipiscing amet dolore. \r\n",
      "ImageUrl": "/Assets/ApplicationLogo.png",
      "FeedUrl": "http://www.facebook.com/0",
      "Author": "1 sample value for column Author",
      "PublishDate": "\/Date(1424892253000)\/"
    },
    {
      "Title": "2 sample value for column Title",
      "Summary": "Lorem ipsum dolor sit amet, constecteuer aliquam nonummy erat ut magna ipsum tincidunt amet sit euismod euismod dolor dolore sit ipsum sed sit consectetuer aliquam euismod lorem amet consectetuer amet magna tincidunt sit consectetuer consectetuer erat ipsum diam lorem dolore ut elit consectetuer amet adipiscing erat adipiscing amet sed nonummy tincidunt. dolor laoreet dolore aliquam magna ipsum nonummy magna aliquam sed tincidunt amet ut magna sit aliquam sed erat amet nibh dolor dolor lorem diam ut sit erat erat aliquam adipiscing laoreet laoreet laoreet nibh laoreet aliquam elit elit sed magna nonummy euismod dolor elit lorem. sit nonummy adipiscing dolor ipsum magna consectetuer amet aliquam nonummy erat ut elit amet tincidunt dolor nibh aliquam nibh euismod aliquam diam sit dolor consectetuer nibh ipsum nonummy adipiscing ipsum diam lorem euismod sed nonummy tincidunt euismod dolore magna sed nonummy nibh magna lorem laoreet. amet erat dolor laoreet ut aliquam ut nonummy laoreet dolor tincidunt elit amet dolore nonummy laoreet ut aliquam dolore ipsum erat ipsum aliquam tincidunt lorem nonummy ut ipsum sit ipsum elit euismod dolor elit ipsum nibh aliquam laoreet nibh sit laoreet diam magna adipiscing magna. \r\n",
      "Content": "Lorem ipsum dolor sit amet, constecteuer adipiscing tincidunt dolore euismod lorem erat laoreet dolor lorem diam laoreet amet sit tincidunt adipiscing ut ut ipsum amet magna laoreet aliquam dolore erat adipiscing tincidunt consectetuer nonummy sit euismod laoreet ut dolor ut ut nonummy consectetuer ut nibh sit nibh aliquam nibh sed erat elit erat dolor dolor sit nibh dolore ipsum nonummy amet elit dolore dolore adipiscing adipiscing tincidunt consectetuer erat sed ut lorem dolor diam aliquam dolore sed lorem diam ipsum consectetuer magna elit elit erat erat ut sit elit lorem lorem erat tincidunt nibh nonummy elit tincidunt diam elit consectetuer diam adipiscing erat dolor ut erat. amet nonummy sit adipiscing ut nibh adipiscing lorem consectetuer elit erat sed dolore elit euismod diam aliquam aliquam sed ut elit nonummy aliquam nibh sit erat tincidunt sit nibh aliquam magna amet tincidunt lorem ut amet lorem ipsum adipiscing sed euismod euismod consectetuer sit elit consectetuer euismod lorem tincidunt lorem sed lorem ut erat nibh tincidunt nibh nibh sit laoreet aliquam dolor diam elit diam laoreet ut dolore euismod sed diam magna euismod erat ipsum ut consectetuer laoreet amet magna adipiscing euismod nonummy nonummy diam dolore nonummy tincidunt sed lorem euismod sed magna nibh nonummy diam sit aliquam ut euismod. nonummy dolore elit consectetuer nibh nibh sed laoreet magna magna sed dolore elit consectetuer sed consectetuer euismod aliquam magna euismod amet ipsum elit nibh laoreet lorem erat ipsum sed euismod nonummy adipiscing ipsum nibh adipiscing nonummy amet consectetuer erat aliquam sed ut laoreet nibh euismod dolore lorem euismod dolor consectetuer magna consectetuer lorem dolor elit diam sed dolore diam nonummy euismod elit adipiscing consectetuer adipiscing dolor ut dolore erat magna lorem adipiscing erat erat sit nonummy consectetuer dolore erat aliquam erat adipiscing aliquam sit ut consectetuer adipiscing aliquam amet magna ipsum sed laoreet sed consectetuer lorem sed diam amet diam. \r\nipsum amet tincidunt consectetuer amet nonummy adipiscing lorem aliquam magna sit euismod dolore nonummy nonummy consectetuer diam sit nibh lorem laoreet laoreet euismod ipsum dolore euismod nibh nonummy tincidunt sit dolor laoreet nibh diam magna laoreet tincidunt euismod erat sit erat consectetuer lorem elit tincidunt sed nibh amet aliquam lorem nonummy amet aliquam amet ut consectetuer euismod nibh sed nibh erat laoreet elit ut ut elit lorem adipiscing tincidunt laoreet euismod dolore sit elit lorem nonummy laoreet amet sed elit lorem adipiscing euismod tincidunt euismod magna magna elit laoreet nibh sit dolor amet elit sit sit aliquam consectetuer euismod consectetuer. sed amet nibh dolor sed tincidunt ipsum nonummy sit sit nonummy elit dolor lorem nibh tincidunt sit tincidunt dolor magna nonummy tincidunt nibh ipsum euismod diam euismod laoreet sit dolore euismod diam euismod dolor erat laoreet ut diam consectetuer aliquam laoreet adipiscing sit euismod ipsum laoreet erat sit dolore nonummy lorem amet sit ut laoreet ut tincidunt diam nonummy aliquam ipsum consectetuer adipiscing adipiscing nonummy lorem ut lorem ipsum laoreet aliquam ut elit sit ipsum sit diam erat erat dolore nonummy sed erat tincidunt dolore elit consectetuer aliquam elit amet dolor consectetuer aliquam elit magna nonummy erat magna ipsum lorem. lorem erat dolor ipsum nibh consectetuer magna lorem euismod nibh consectetuer ut diam tincidunt sed euismod adipiscing tincidunt nonummy dolor ut dolore tincidunt dolore euismod tincidunt laoreet lorem consectetuer nibh amet euismod magna aliquam laoreet nibh adipiscing magna dolor nonummy nonummy consectetuer adipiscing laoreet erat elit laoreet amet erat amet amet adipiscing adipiscing aliquam adipiscing amet consectetuer consectetuer sed aliquam diam dolore ut ipsum elit euismod dolore nibh aliquam dolore consectetuer sed nonummy erat euismod diam nonummy aliquam magna consectetuer aliquam nibh ipsum ipsum adipiscing magna consectetuer aliquam euismod nonummy consectetuer ipsum diam sit ipsum tincidunt nibh consectetuer elit adipiscing. \r\n",
      "ImageUrl": "/Assets/ApplicationLogo.png",
      "FeedUrl": "http://www.facebook.com/1",
      "Author": "2 sample value for column Author",
      "PublishDate": "\/Date(1424892253000)\/"
    },
    {
      "Title": "3 sample value for column Title",
      "Summary": "Lorem ipsum dolor sit amet, constecteuer dolor aliquam dolore laoreet elit adipiscing dolore ut elit elit sit lorem aliquam laoreet tincidunt ut nonummy elit aliquam aliquam elit nibh amet aliquam elit magna aliquam aliquam amet nonummy nibh ut tincidunt amet aliquam dolor nonummy ipsum magna euismod dolore dolore magna tincidunt. adipiscing sit dolor aliquam aliquam nonummy magna erat euismod consectetuer erat nonummy ut magna sed diam sed aliquam diam magna dolore diam adipiscing tincidunt dolore nonummy sit sed diam adipiscing dolor nibh tincidunt nonummy euismod sit ut erat lorem ut tincidunt nibh ipsum sed. \r\n",
      "Content": "Lorem ipsum dolor sit amet, constecteuer euismod tincidunt sed sit magna adipiscing lorem magna magna magna diam ipsum elit elit sed diam adipiscing sit sed magna amet consectetuer amet ut sed aliquam laoreet sit amet elit aliquam elit sed sit nonummy laoreet ipsum dolor amet amet tincidunt tincidunt laoreet adipiscing consectetuer magna tincidunt adipiscing amet dolor ut amet magna nonummy dolor elit sed tincidunt ut erat nonummy dolore euismod diam erat dolor tincidunt sit dolore tincidunt sed amet erat sit sit nibh diam aliquam diam nibh consectetuer diam erat dolor euismod tincidunt diam magna lorem dolor adipiscing elit elit consectetuer. ut dolore lorem consectetuer adipiscing sit amet diam diam nibh tincidunt nonummy consectetuer ut elit nibh magna diam sit sit tincidunt ipsum magna diam dolore consectetuer euismod laoreet sit tincidunt adipiscing lorem dolore tincidunt diam adipiscing nonummy amet nibh adipiscing adipiscing laoreet erat elit diam dolor sed laoreet nonummy sed consectetuer magna amet sit nibh euismod erat nonummy sed ipsum nonummy diam adipiscing laoreet amet euismod tincidunt nibh consectetuer lorem ipsum tincidunt magna magna magna magna dolor diam lorem ut dolore magna amet ut sed diam dolore tincidunt dolor dolore elit lorem laoreet nonummy. dolore magna diam sit sit dolore sed magna diam nonummy elit nibh erat adipiscing adipiscing tincidunt nonummy diam diam ut consectetuer euismod amet euismod elit ut laoreet lorem diam diam euismod ipsum aliquam elit ipsum lorem sed aliquam consectetuer amet adipiscing erat elit ut adipiscing dolore nonummy nonummy elit sed consectetuer magna nonummy ipsum consectetuer sit euismod magna dolore diam ipsum sed sed lorem magna adipiscing tincidunt euismod consectetuer adipiscing consectetuer euismod sit consectetuer sed consectetuer amet nonummy consectetuer nonummy amet consectetuer tincidunt lorem sit laoreet nonummy dolore dolor magna elit nonummy dolor dolore. \r\ndolor magna nonummy elit dolore erat sit magna amet lorem sit tincidunt tincidunt amet euismod erat aliquam dolor nibh adipiscing consectetuer laoreet ut elit magna dolor laoreet dolore nonummy elit aliquam ut nonummy elit dolor nonummy ut magna tincidunt consectetuer elit adipiscing ipsum euismod magna diam ipsum adipiscing amet dolor erat consectetuer erat dolore nonummy elit sit sit nonummy ut sit adipiscing elit dolore dolor diam sit adipiscing ipsum dolor amet lorem sed consectetuer aliquam erat ut dolor nonummy elit ipsum diam euismod elit sed tincidunt laoreet tincidunt magna laoreet elit nibh elit erat. dolor lorem aliquam amet nonummy sed consectetuer ut amet ipsum aliquam aliquam magna tincidunt magna nonummy euismod lorem tincidunt dolor euismod tincidunt tincidunt lorem elit diam ut diam sed adipiscing laoreet euismod tincidunt diam sit aliquam ipsum diam euismod dolor ipsum adipiscing consectetuer nibh diam diam dolore ipsum dolore adipiscing sit adipiscing aliquam amet adipiscing sed elit aliquam dolore ipsum tincidunt dolore adipiscing magna adipiscing consectetuer consectetuer sed diam aliquam diam dolor sed nonummy lorem adipiscing sed dolor nibh aliquam euismod euismod euismod dolor sit sed ut sed dolor laoreet nonummy sit euismod nibh. sed consectetuer lorem sed consectetuer sit amet sed euismod magna dolore lorem aliquam elit amet erat lorem consectetuer elit aliquam sed ipsum sit sit ut magna nibh dolore consectetuer ut sed adipiscing diam magna dolor laoreet adipiscing lorem dolore elit tincidunt amet lorem laoreet consectetuer dolor nonummy adipiscing amet dolor laoreet consectetuer laoreet ut dolor adipiscing ipsum dolore tincidunt sed euismod elit dolor magna diam nonummy nibh ipsum consectetuer sed tincidunt lorem sed erat consectetuer sit ipsum sed aliquam euismod elit amet euismod dolor aliquam dolor nonummy laoreet ut laoreet tincidunt diam adipiscing sed. \r\n",
      "ImageUrl": "/Assets/ApplicationLogo.png",
      "FeedUrl": "http://www.facebook.com/2",
      "Author": "3 sample value for column Author",
      "PublishDate": "\/Date(1424892253000)\/"
    },
    {
      "Title": "4 sample value for column Title",
      "Summary": "Lorem ipsum dolor sit amet, constecteuer dolor consectetuer laoreet nibh diam ipsum laoreet sed laoreet magna dolore sed erat consectetuer tincidunt aliquam ipsum lorem elit ut lorem aliquam elit erat laoreet adipiscing diam laoreet amet tincidunt erat amet erat ipsum aliquam sit sit lorem magna sit magna tincidunt. sit amet ut adipiscing ut diam erat nibh consectetuer elit elit nibh ipsum sit magna laoreet laoreet dolor nibh erat amet ipsum aliquam nibh diam aliquam elit nonummy ut lorem sit sit magna adipiscing laoreet sit consectetuer diam nibh erat laoreet euismod. sed nibh dolore elit erat ut consectetuer elit consectetuer laoreet euismod magna diam dolor adipiscing dolor dolore dolore dolor diam dolore amet amet amet ut laoreet sed ut nonummy consectetuer nonummy nibh amet nibh tincidunt adipiscing laoreet dolor aliquam euismod amet elit. \r\n",
      "Content": "Lorem ipsum dolor sit amet, constecteuer erat dolore euismod magna dolor euismod laoreet magna consectetuer dolore sit elit nibh tincidunt sit adipiscing nibh magna lorem amet ipsum tincidunt magna diam erat elit ut magna nonummy consectetuer diam diam dolore tincidunt ut erat laoreet dolore elit euismod laoreet ut aliquam laoreet diam erat sit sed laoreet consectetuer euismod nonummy ut sit diam adipiscing aliquam sit magna laoreet aliquam magna adipiscing lorem elit ut nonummy aliquam erat amet nonummy ut diam elit sed adipiscing ut dolor lorem erat sit consectetuer dolor consectetuer euismod erat laoreet euismod sit elit lorem euismod aliquam euismod ut aliquam. sed aliquam sed laoreet sed consectetuer diam nonummy laoreet aliquam lorem adipiscing laoreet sit euismod dolore sit aliquam nibh euismod ut ipsum sed elit aliquam aliquam ut euismod amet aliquam laoreet dolore euismod nonummy aliquam dolore ut consectetuer nonummy aliquam dolore nibh diam ut aliquam sed magna lorem ut sit sed lorem ipsum dolor sit adipiscing diam lorem dolore nonummy nonummy dolore adipiscing magna dolor amet ut consectetuer amet dolore ipsum aliquam elit euismod laoreet dolor nibh ut diam nonummy lorem tincidunt magna lorem diam laoreet laoreet nonummy adipiscing nibh adipiscing ut sed lorem sed erat. consectetuer euismod euismod ut ut nibh dolore aliquam dolor nonummy tincidunt sed adipiscing ipsum laoreet laoreet nibh adipiscing diam dolore erat consectetuer elit elit diam sit aliquam euismod diam elit diam elit amet laoreet dolore aliquam ipsum laoreet laoreet sed magna aliquam aliquam erat ipsum adipiscing amet consectetuer dolore nonummy sit dolor nonummy nibh lorem lorem consectetuer consectetuer amet nibh tincidunt sit diam laoreet lorem adipiscing amet nonummy amet dolore tincidunt laoreet nonummy lorem aliquam lorem elit sed consectetuer dolor erat tincidunt dolore aliquam sit elit dolore euismod laoreet dolore tincidunt dolore nonummy amet laoreet ut. \r\ndiam sit erat ut dolor tincidunt lorem erat dolore elit nibh diam euismod erat euismod magna erat dolor euismod erat adipiscing nonummy nibh euismod diam nibh laoreet elit sit dolore consectetuer adipiscing consectetuer amet nonummy amet sed nonummy lorem consectetuer tincidunt magna dolor dolore dolore elit lorem laoreet sit dolore magna sed euismod dolore sed erat euismod adipiscing consectetuer nibh aliquam tincidunt laoreet lorem dolor consectetuer amet sed sed sed sed sed ipsum adipiscing consectetuer sed sed ut dolore dolor nibh lorem sit elit erat dolore tincidunt sed laoreet nibh euismod ipsum consectetuer sed elit lorem. dolor ipsum tincidunt nonummy sit nibh adipiscing laoreet elit sed adipiscing consectetuer nonummy lorem nibh magna nonummy sit lorem aliquam diam sed lorem consectetuer nibh laoreet tincidunt magna dolore adipiscing sit tincidunt erat consectetuer adipiscing adipiscing lorem consectetuer aliquam erat tincidunt sed erat nonummy nonummy sed magna laoreet erat ut nibh dolor sed diam nonummy tincidunt ipsum sed erat elit aliquam sed aliquam ipsum consectetuer tincidunt adipiscing consectetuer ut consectetuer dolore consectetuer amet lorem amet lorem diam diam laoreet sit aliquam magna magna dolor laoreet ipsum consectetuer diam laoreet euismod amet euismod consectetuer nibh ipsum amet. diam aliquam consectetuer dolore ipsum euismod ipsum ut magna consectetuer magna elit amet diam amet nibh euismod dolore sed lorem nonummy dolore consectetuer sit sed dolore diam ipsum lorem amet erat tincidunt erat lorem nonummy nonummy amet aliquam ipsum adipiscing dolore sit amet diam sit magna amet consectetuer sed tincidunt erat diam dolor lorem tincidunt tincidunt euismod ipsum sed amet dolor erat tincidunt tincidunt adipiscing sit elit amet erat tincidunt elit ut laoreet dolor amet elit euismod dolore erat nonummy nibh amet tincidunt elit amet nonummy nibh erat adipiscing magna aliquam dolor diam dolore amet dolore. \r\n",
      "ImageUrl": "/Assets/ApplicationLogo.png",
      "FeedUrl": "http://www.facebook.com/3",
      "Author": "4 sample value for column Author",
      "PublishDate": "\/Date(1424892253000)\/"
    },
    {
      "Title": "5 sample value for column Title",
      "Summary": "Lorem ipsum dolor sit amet, constecteuer lorem nonummy lorem adipiscing ut adipiscing consectetuer tincidunt erat laoreet adipiscing ipsum laoreet dolor aliquam tincidunt magna adipiscing adipiscing sed laoreet euismod sed aliquam ipsum ut amet amet erat aliquam sed magna ipsum tincidunt erat lorem nibh aliquam aliquam ipsum erat dolore. nibh sit lorem dolore dolor erat nibh sit adipiscing nonummy sit dolor elit elit ipsum ipsum amet erat ipsum lorem ut ipsum elit sed erat dolor dolor magna ipsum aliquam elit amet diam aliquam ipsum amet magna consectetuer euismod consectetuer tincidunt laoreet. nibh aliquam tincidunt erat consectetuer euismod aliquam diam ut erat lorem aliquam dolor nonummy dolore nibh dolore erat magna tincidunt ipsum elit dolor erat euismod sed consectetuer magna amet aliquam elit dolore elit aliquam diam diam laoreet lorem magna nonummy erat euismod. amet sed amet nonummy dolore nibh sed adipiscing diam euismod elit erat ut sit laoreet ut adipiscing dolore adipiscing ipsum consectetuer laoreet nibh amet nibh sit lorem adipiscing dolore laoreet dolor adipiscing ut diam sit ut ut dolor nibh ut sed magna. \r\n",
      "Content": "Lorem ipsum dolor sit amet, constecteuer elit amet consectetuer ut lorem tincidunt lorem sit magna adipiscing sed magna lorem erat tincidunt nonummy ipsum nonummy tincidunt diam lorem consectetuer amet lorem ipsum erat amet amet nibh euismod elit consectetuer laoreet laoreet sit aliquam laoreet euismod laoreet ipsum dolor sit dolore sit ut magna ut dolor aliquam amet elit elit dolore adipiscing elit dolor erat consectetuer euismod ipsum diam laoreet euismod consectetuer aliquam sit ipsum amet dolore laoreet laoreet diam ut nibh elit magna diam ipsum consectetuer amet amet ipsum adipiscing elit consectetuer lorem sed diam sed lorem erat nonummy erat ut euismod. adipiscing nonummy nonummy amet nibh laoreet nonummy adipiscing sit diam magna euismod consectetuer erat diam euismod magna erat sed dolore sed sed consectetuer erat aliquam ut nibh laoreet laoreet laoreet consectetuer diam lorem aliquam lorem elit aliquam magna tincidunt sed ut ut sit aliquam elit elit sit nonummy aliquam sed ipsum nonummy nibh magna sit aliquam consectetuer nibh adipiscing dolore sit ut nibh elit amet sed euismod adipiscing aliquam dolor ut lorem adipiscing erat ipsum ut amet elit euismod nonummy nibh ipsum magna adipiscing ut laoreet magna dolor laoreet ipsum ipsum elit nibh dolore amet. erat dolor dolore tincidunt aliquam laoreet dolore nibh laoreet tincidunt ipsum sit nibh laoreet diam tincidunt aliquam aliquam laoreet consectetuer dolor magna amet euismod diam nibh diam nibh dolore ipsum adipiscing sed diam ut dolor nibh sed tincidunt tincidunt ut laoreet diam ipsum tincidunt tincidunt nibh consectetuer adipiscing consectetuer sed sit sed laoreet nibh dolor ipsum magna amet amet elit adipiscing amet ut ut elit euismod ut dolore tincidunt aliquam consectetuer amet consectetuer lorem nonummy euismod dolore nibh erat magna consectetuer dolor adipiscing sed magna magna tincidunt aliquam euismod lorem tincidunt amet sed consectetuer sed. nonummy ut adipiscing consectetuer lorem magna sed tincidunt adipiscing dolor aliquam sit ut lorem diam consectetuer consectetuer amet elit ipsum amet aliquam adipiscing dolore diam aliquam laoreet amet euismod amet ipsum dolore erat euismod lorem aliquam diam adipiscing aliquam lorem dolore sed erat consectetuer erat ut erat magna sit laoreet sed erat ipsum amet amet nibh sed nonummy dolore ipsum ipsum amet ipsum dolor ipsum ipsum sit dolor lorem nibh dolore erat consectetuer adipiscing consectetuer laoreet erat lorem magna ut erat aliquam ipsum magna dolore dolor laoreet laoreet elit sed nonummy erat diam dolore erat. euismod elit magna amet magna nonummy dolore dolore nibh erat sed tincidunt ut erat diam euismod elit euismod ipsum dolor sit sit amet consectetuer erat adipiscing sed ut euismod ipsum magna diam sed elit tincidunt elit ipsum dolore lorem sit dolor ipsum diam magna elit sed lorem dolore aliquam laoreet dolor adipiscing sed ut dolore sed sit nibh consectetuer nonummy dolor dolor amet nonummy dolor aliquam consectetuer elit consectetuer ipsum nonummy nonummy nibh magna erat ipsum tincidunt adipiscing aliquam nibh consectetuer nibh laoreet dolore aliquam nonummy ipsum tincidunt nibh amet amet nonummy nibh diam ipsum. \r\nlorem dolore aliquam laoreet diam dolor tincidunt nonummy magna amet nibh laoreet nonummy laoreet ut laoreet magna tincidunt tincidunt consectetuer nonummy elit sed euismod nibh magna nibh laoreet ipsum magna erat erat dolor dolore erat consectetuer ut nonummy sed sed nibh ipsum magna nibh adipiscing laoreet nibh aliquam magna diam adipiscing magna magna amet nonummy euismod sed adipiscing sit nibh nonummy magna sed lorem consectetuer euismod euismod tincidunt dolore diam lorem adipiscing amet consectetuer tincidunt diam diam dolore adipiscing dolore adipiscing tincidunt aliquam euismod nonummy dolor dolor aliquam adipiscing adipiscing dolore sed elit magna magna. ut euismod magna adipiscing ut dolor magna dolor elit sed erat tincidunt nibh nonummy ipsum dolor nibh lorem adipiscing consectetuer magna aliquam laoreet diam sit diam ut elit diam euismod nibh erat adipiscing elit erat dolore euismod nonummy euismod ut sed nonummy nonummy amet nonummy sed nonummy elit consectetuer amet amet sed lorem nibh erat laoreet magna elit sit amet elit nonummy tincidunt laoreet magna lorem adipiscing sit nonummy amet diam ipsum elit euismod dolore adipiscing sed nibh aliquam ut aliquam elit ipsum consectetuer elit dolor erat laoreet elit amet erat consectetuer adipiscing elit elit. aliquam magna laoreet adipiscing nonummy ipsum adipiscing dolore lorem ut dolor lorem sed ut euismod elit consectetuer sed sed adipiscing lorem diam sed elit ut ipsum nibh dolore adipiscing consectetuer amet laoreet lorem consectetuer aliquam diam euismod amet sed tincidunt nibh nonummy lorem nonummy amet dolor nibh lorem laoreet magna tincidunt dolore aliquam ipsum elit diam diam elit euismod diam diam nonummy nonummy laoreet diam elit lorem sit dolore sit ut lorem lorem laoreet ut diam sed magna dolor euismod nonummy nibh ipsum diam euismod sed dolore erat aliquam diam erat amet euismod aliquam amet. lorem lorem consectetuer lorem magna dolor elit amet nibh dolor tincidunt dolore dolor adipiscing magna lorem euismod consectetuer lorem erat magna diam ipsum sit ipsum nonummy lorem consectetuer adipiscing amet diam elit ipsum nibh tincidunt sed dolor dolore consectetuer diam dolor elit diam adipiscing aliquam nibh ut euismod lorem sed elit erat euismod erat adipiscing nibh erat dolor erat adipiscing ipsum dolor magna adipiscing tincidunt consectetuer ut nibh tincidunt diam aliquam laoreet erat nonummy magna nonummy lorem laoreet amet diam dolore sed amet magna magna nonummy laoreet ipsum amet dolor diam lorem magna erat sed. erat diam dolor euismod tincidunt dolore dolor aliquam nibh nonummy nibh erat ipsum dolor laoreet nonummy amet aliquam diam diam euismod aliquam lorem diam dolor diam tincidunt elit nibh lorem magna aliquam lorem ipsum aliquam ipsum magna dolor nonummy tincidunt ut diam tincidunt adipiscing consectetuer nonummy tincidunt erat diam nibh amet dolor sed nonummy dolore lorem sed tincidunt nonummy amet sit laoreet elit nibh euismod tincidunt erat lorem amet ut tincidunt dolor elit dolore ut dolor amet tincidunt sit nibh laoreet ut magna erat laoreet laoreet nonummy diam consectetuer magna euismod amet nibh adipiscing diam. \r\n",
      "ImageUrl": "/Assets/ApplicationLogo.png",
      "FeedUrl": "http://www.facebook.com/4",
      "Author": "5 sample value for column Author",
      "PublishDate": "\/Date(1424892253000)\/"
    },
    {
      "Title": "6 sample value for column Title",
      "Summary": "Lorem ipsum dolor sit amet, constecteuer tincidunt euismod nibh tincidunt ut ut magna dolor ut euismod laoreet tincidunt dolore laoreet diam aliquam sed diam magna sed laoreet dolore sit diam ut elit dolor diam nonummy ipsum adipiscing ut lorem dolor erat nonummy lorem dolor erat sit ipsum tincidunt. ipsum magna tincidunt euismod lorem magna ut tincidunt magna lorem dolor ut adipiscing dolore diam ipsum aliquam elit euismod sed nibh euismod consectetuer ipsum tincidunt ut laoreet aliquam aliquam adipiscing nonummy ut adipiscing dolor laoreet consectetuer laoreet dolor adipiscing amet ut magna. \r\n",
      "Content": "Lorem ipsum dolor sit amet, constecteuer adipiscing laoreet dolor ipsum aliquam sit nibh nonummy tincidunt dolor diam nibh euismod erat adipiscing ipsum dolore laoreet nibh nonummy sed elit amet ipsum amet adipiscing dolore ipsum elit tincidunt tincidunt sed erat diam adipiscing aliquam euismod magna erat dolor aliquam sit tincidunt lorem adipiscing tincidunt sit sit erat sit aliquam dolor euismod laoreet sit aliquam nibh ipsum dolore euismod elit diam dolor erat sed lorem nibh sit euismod sed diam aliquam laoreet sed nibh amet tincidunt amet laoreet nonummy sit euismod dolor amet ut nibh laoreet amet consectetuer elit elit nibh lorem elit laoreet diam ipsum. tincidunt euismod consectetuer ipsum erat nibh nonummy tincidunt erat adipiscing amet amet erat consectetuer adipiscing adipiscing adipiscing diam ut elit magna amet dolore amet elit magna amet lorem aliquam aliquam sed tincidunt dolor sit erat nibh diam diam sit ipsum nibh nibh ut amet nibh erat adipiscing dolor lorem consectetuer ut magna lorem ipsum sit diam laoreet ipsum ut ipsum adipiscing diam laoreet ipsum aliquam nonummy ipsum laoreet consectetuer ut dolore dolore consectetuer euismod laoreet adipiscing nonummy nibh tincidunt elit nibh ipsum lorem euismod amet nonummy euismod lorem erat nonummy dolore sed laoreet ipsum ut ipsum laoreet. tincidunt adipiscing lorem aliquam nonummy magna consectetuer sed magna euismod elit adipiscing magna erat amet sed adipiscing nonummy consectetuer diam dolor dolore sed aliquam ipsum dolore ut aliquam sed ipsum amet aliquam tincidunt nonummy dolore amet euismod diam lorem sit ut amet adipiscing aliquam amet ut ipsum nibh nibh lorem sed nibh diam euismod euismod dolore aliquam dolor dolore tincidunt sit elit lorem laoreet elit diam euismod adipiscing dolor erat laoreet dolore diam ipsum ut aliquam nonummy diam tincidunt elit laoreet dolor adipiscing elit euismod euismod diam ipsum magna erat adipiscing diam euismod adipiscing erat elit sit. \r\nnonummy nonummy ut ipsum ut diam euismod amet euismod dolor elit magna ut adipiscing sed sed diam aliquam ipsum lorem euismod sit laoreet lorem nibh diam sit euismod adipiscing sit dolor ipsum elit ut erat erat erat consectetuer lorem tincidunt ut sit lorem nonummy ipsum sit dolor tincidunt aliquam lorem sit sed aliquam elit nonummy elit laoreet ut nonummy consectetuer adipiscing erat magna sed lorem consectetuer nonummy lorem elit diam diam amet aliquam sed consectetuer diam dolor consectetuer aliquam elit adipiscing diam ut consectetuer lorem ut sit erat sit nibh amet amet ut ut adipiscing ut consectetuer. euismod diam dolore tincidunt dolor consectetuer sed nibh aliquam diam nonummy ipsum lorem consectetuer nonummy laoreet dolor erat dolore amet euismod elit adipiscing ipsum nonummy dolore dolore consectetuer amet diam sit ipsum nonummy amet diam laoreet dolor ut sit amet consectetuer ut dolor amet tincidunt magna dolor consectetuer ut diam euismod laoreet nonummy diam tincidunt consectetuer sit ut dolor consectetuer diam sit adipiscing diam consectetuer sed nibh dolore laoreet ut tincidunt elit laoreet nibh erat magna consectetuer ipsum sed tincidunt ut nonummy nibh laoreet magna sed nonummy lorem nibh amet nibh elit euismod magna ut dolor elit. euismod erat amet adipiscing adipiscing nonummy erat laoreet amet erat aliquam nonummy laoreet lorem dolor consectetuer diam nibh erat euismod nibh euismod dolore aliquam nonummy amet nibh sit adipiscing laoreet magna magna dolore diam euismod ipsum amet adipiscing elit lorem nibh erat euismod diam nibh diam dolore amet sed ipsum sit adipiscing laoreet diam dolore lorem dolor adipiscing dolore dolor aliquam laoreet diam diam ipsum ipsum ut consectetuer sed lorem ipsum dolor sit erat lorem nibh erat elit adipiscing lorem sed elit ut amet nibh nibh ipsum elit tincidunt nibh erat aliquam diam consectetuer ipsum laoreet nonummy. \r\n",
      "ImageUrl": "/Assets/ApplicationLogo.png",
      "FeedUrl": "http://www.facebook.com/5",
      "Author": "6 sample value for column Author",
      "PublishDate": "\/Date(1424892253000)\/"
    },
    {
      "Title": "7 sample value for column Title",
      "Summary": "Lorem ipsum dolor sit amet, constecteuer laoreet nonummy dolore sed lorem lorem dolor dolore sed amet ipsum laoreet lorem dolore tincidunt nibh ipsum amet magna diam lorem adipiscing nibh dolore ipsum sit tincidunt aliquam magna amet ipsum dolore erat dolore amet magna nibh adipiscing amet nibh sed consectetuer aliquam diam nonummy sit. magna tincidunt euismod nonummy ut consectetuer consectetuer magna diam diam aliquam erat adipiscing dolore elit amet aliquam sit sit amet dolore amet nibh laoreet lorem laoreet lorem adipiscing lorem laoreet elit dolor consectetuer aliquam consectetuer erat adipiscing elit nonummy laoreet nonummy ipsum adipiscing laoreet aliquam nibh. erat elit sit amet adipiscing laoreet consectetuer consectetuer elit tincidunt dolor dolore nonummy erat amet erat magna ut ipsum dolore tincidunt sed nibh sed aliquam nibh tincidunt elit ut ut magna laoreet magna sed dolore tincidunt dolor dolore diam euismod dolore lorem nonummy nibh magna nonummy. \r\n",
      "Content": "Lorem ipsum dolor sit amet, constecteuer nonummy amet nibh ut dolor aliquam nonummy laoreet laoreet adipiscing ut ipsum aliquam nibh euismod laoreet adipiscing aliquam ipsum sit nibh magna lorem consectetuer sed erat tincidunt magna erat nonummy sed ut dolor dolore sit nonummy consectetuer ipsum ut nonummy consectetuer magna elit nonummy ut nibh aliquam sed aliquam laoreet nonummy nibh laoreet sed erat tincidunt sit adipiscing consectetuer dolor amet tincidunt laoreet amet magna lorem erat ipsum elit dolor nonummy amet amet nibh aliquam tincidunt nonummy nonummy nonummy magna ipsum consectetuer erat sit erat magna aliquam ut magna diam adipiscing erat dolore nibh consectetuer nibh. ipsum dolor euismod ut nibh magna lorem laoreet consectetuer adipiscing adipiscing sit nonummy consectetuer sit tincidunt laoreet sed ipsum erat tincidunt nibh amet lorem ipsum consectetuer sit magna dolore nonummy sed euismod consectetuer adipiscing euismod elit magna dolore adipiscing amet amet sit aliquam tincidunt nonummy laoreet amet euismod adipiscing euismod sit elit nonummy adipiscing aliquam diam magna nibh euismod adipiscing tincidunt dolor erat ut aliquam ut magna sit tincidunt dolore laoreet erat dolor magna ut diam tincidunt nibh nonummy adipiscing ipsum nonummy nibh sit elit lorem dolor erat elit dolor diam consectetuer sit lorem nonummy ipsum. amet sit laoreet laoreet magna lorem erat nonummy dolore amet consectetuer euismod nibh sed dolore adipiscing ipsum adipiscing amet dolor nonummy dolore elit magna euismod aliquam laoreet nibh adipiscing nonummy laoreet dolor elit tincidunt consectetuer diam laoreet ut sed ipsum nibh ipsum adipiscing sit ut diam elit erat adipiscing sit amet dolore laoreet elit nonummy elit dolore magna sit aliquam amet elit sit adipiscing sed sit consectetuer aliquam sit adipiscing nonummy adipiscing magna sit nonummy diam nonummy sit sit dolor nibh dolore amet sit consectetuer aliquam adipiscing erat dolor magna tincidunt aliquam nibh nonummy magna sit. magna erat ut nonummy amet diam dolore lorem euismod aliquam erat euismod dolore ipsum magna euismod ut lorem elit elit dolor lorem ipsum nonummy magna consectetuer laoreet consectetuer euismod euismod ut elit adipiscing adipiscing nibh nonummy diam euismod aliquam ipsum lorem amet nibh elit erat ut sit ipsum lorem lorem sit nonummy sit diam ipsum magna aliquam sit tincidunt aliquam tincidunt nibh elit erat sit nibh adipiscing diam diam adipiscing dolor ipsum dolor consectetuer elit magna diam tincidunt nibh dolor ipsum ut consectetuer nibh diam sit amet dolore consectetuer tincidunt euismod adipiscing aliquam erat sed diam. \r\nmagna euismod amet elit sed tincidunt nibh tincidunt magna ipsum sed magna ipsum sit sed amet euismod nibh dolore aliquam consectetuer laoreet nonummy erat elit diam sit dolore ut dolore sit dolor dolore aliquam lorem magna diam sit ut sed sit euismod ut elit laoreet adipiscing ut dolor consectetuer elit tincidunt elit dolor nonummy sit dolor dolor amet lorem aliquam nonummy laoreet aliquam lorem aliquam adipiscing lorem sit dolor nibh laoreet sed magna sed ut tincidunt ipsum dolor amet lorem laoreet lorem nonummy adipiscing sit dolore erat adipiscing laoreet aliquam laoreet amet sit laoreet magna sed. tincidunt tincidunt diam sed consectetuer nibh lorem ut euismod consectetuer nonummy ut laoreet diam lorem erat lorem erat sit diam amet euismod magna dolor elit ut sed amet laoreet nonummy amet ipsum nonummy adipiscing lorem elit tincidunt laoreet laoreet sit lorem laoreet tincidunt aliquam consectetuer consectetuer nibh consectetuer magna laoreet amet amet nibh sed sit ipsum laoreet adipiscing ipsum nibh dolor laoreet aliquam dolor lorem sed sit diam sed euismod adipiscing amet amet erat sed sed aliquam erat dolore ipsum sit dolor elit lorem consectetuer lorem diam dolor dolor erat euismod adipiscing ut sit ipsum consectetuer. magna nibh magna dolore ipsum ipsum dolore amet diam erat lorem euismod erat ut dolor dolore nonummy erat sed lorem elit aliquam dolore erat erat lorem adipiscing diam lorem erat nonummy lorem aliquam sit nibh adipiscing ipsum erat lorem ipsum consectetuer sit nonummy adipiscing lorem magna sit elit dolore laoreet dolore ut laoreet lorem magna erat ut aliquam magna lorem laoreet elit sit nonummy diam erat tincidunt laoreet sit dolore ut nonummy erat adipiscing ut amet elit nonummy erat ipsum magna aliquam euismod amet dolor laoreet amet magna adipiscing euismod nibh dolor dolor erat adipiscing aliquam. lorem lorem magna lorem sit elit amet lorem lorem adipiscing laoreet sed adipiscing tincidunt nibh amet erat laoreet sit dolore ut aliquam elit tincidunt ut dolore diam nonummy amet nibh elit lorem lorem laoreet amet elit tincidunt aliquam aliquam nonummy ut euismod sit dolore lorem laoreet nonummy tincidunt lorem elit sit adipiscing laoreet diam amet ipsum euismod amet consectetuer elit magna tincidunt dolore diam aliquam ut sed nibh sed sit nibh lorem magna euismod ipsum ipsum ut nonummy euismod erat consectetuer dolore diam dolore sed ipsum amet nonummy nibh dolor ut sed euismod nonummy euismod ipsum. \r\n",
      "ImageUrl": "/Assets/ApplicationLogo.png",
      "FeedUrl": "http://www.facebook.com/6",
      "Author": "7 sample value for column Author",
      "PublishDate": "\/Date(1424892253000)\/"
    },
    {
      "Title": "8 sample value for column Title",
      "Summary": "Lorem ipsum dolor sit amet, constecteuer consectetuer elit erat amet dolore laoreet dolor diam sit elit dolor elit ipsum euismod adipiscing dolor ipsum sit erat lorem magna nonummy magna erat adipiscing diam dolor elit elit erat lorem adipiscing erat tincidunt adipiscing nibh consectetuer euismod tincidunt ipsum consectetuer euismod lorem dolor sed laoreet euismod dolore adipiscing. sed nibh magna dolore ut lorem laoreet nonummy erat magna elit euismod ut ipsum sit elit dolore elit sed consectetuer laoreet magna sed nonummy aliquam laoreet consectetuer diam ut nibh nibh dolore adipiscing ipsum aliquam elit dolor diam consectetuer euismod nibh ipsum consectetuer ut consectetuer sed nonummy nonummy magna. laoreet euismod sed amet nibh nibh nibh dolor elit aliquam aliquam laoreet consectetuer dolore sed adipiscing nibh adipiscing tincidunt sit laoreet amet adipiscing ipsum dolore ut tincidunt nibh ut consectetuer diam amet laoreet euismod aliquam erat sit nibh ut nonummy elit consectetuer laoreet nibh adipiscing magna consectetuer consectetuer dolore. elit tincidunt ipsum magna adipiscing ipsum nonummy consectetuer adipiscing sed dolore magna erat sed dolor sed tincidunt erat euismod magna diam sit erat nibh dolor laoreet nonummy diam laoreet ut aliquam sed sed ut adipiscing nibh sed elit sed nonummy sed tincidunt dolore sit aliquam tincidunt sed dolore euismod. \r\n",
      "Content": "Lorem ipsum dolor sit amet, constecteuer tincidunt elit elit amet ut diam ut nibh nibh ipsum nonummy nibh diam sed sed amet ipsum nibh erat adipiscing nibh dolor diam laoreet adipiscing laoreet tincidunt diam adipiscing tincidunt dolore nibh ipsum ipsum laoreet ipsum elit ipsum dolore aliquam tincidunt dolore erat adipiscing sit consectetuer ut nonummy amet sit laoreet ipsum sit elit adipiscing nibh aliquam euismod aliquam aliquam dolore amet consectetuer magna amet aliquam diam elit euismod elit magna erat ut ipsum euismod ut dolor dolor nibh ipsum lorem sit amet dolor aliquam laoreet sed ut laoreet amet dolor laoreet sit magna dolor sed nibh ipsum dolor. consectetuer laoreet adipiscing magna magna adipiscing laoreet adipiscing dolor ut nibh sed dolore lorem magna aliquam euismod erat dolor erat diam diam laoreet euismod sed amet dolor dolore dolore aliquam sit sit ipsum erat adipiscing consectetuer tincidunt adipiscing elit dolore dolor sed consectetuer lorem sit laoreet adipiscing ut adipiscing erat nonummy diam diam ipsum tincidunt laoreet erat ut sed euismod amet erat diam amet nonummy sed elit dolore ut nibh amet adipiscing euismod adipiscing magna ipsum sit laoreet sed tincidunt aliquam elit diam magna sed ut ut erat adipiscing nonummy adipiscing erat magna ut nibh sit aliquam ipsum diam. laoreet sed diam erat laoreet laoreet sit dolore dolor amet euismod nibh amet consectetuer laoreet tincidunt dolore nonummy euismod dolore laoreet ut elit nonummy amet amet amet diam magna ut tincidunt dolor dolor consectetuer tincidunt amet diam elit tincidunt dolor amet magna nibh laoreet ut aliquam ipsum ut dolor ipsum ut tincidunt consectetuer consectetuer ut ipsum ipsum aliquam laoreet nonummy nonummy ut erat sed nonummy diam diam aliquam nibh nonummy amet sed dolore nonummy nibh magna dolor nibh dolore consectetuer sit nonummy adipiscing dolore lorem lorem dolore dolore nibh euismod sit nonummy euismod dolor nibh nonummy aliquam sit amet. amet diam dolor dolor euismod dolore consectetuer dolore laoreet tincidunt dolore aliquam diam dolor diam elit lorem elit sit elit nonummy euismod euismod elit erat adipiscing tincidunt dolore tincidunt aliquam ipsum erat erat adipiscing nibh dolore lorem elit ut erat ut amet ipsum sit laoreet tincidunt ut sed dolor laoreet nibh dolor ut laoreet ut euismod dolore laoreet dolor consectetuer dolor diam dolor magna nibh dolore aliquam dolor nonummy tincidunt adipiscing euismod tincidunt amet tincidunt consectetuer nibh diam euismod adipiscing euismod consectetuer tincidunt magna elit erat amet amet euismod erat erat consectetuer amet sed dolore consectetuer ipsum amet nibh. \r\naliquam ut nibh magna diam diam aliquam sed nonummy ipsum sed ipsum elit dolor dolore tincidunt magna laoreet consectetuer nonummy euismod euismod ut nonummy nibh tincidunt lorem sed amet elit sed amet adipiscing magna ut nibh lorem sed amet sed sed nonummy ut dolor sit aliquam euismod dolor elit laoreet aliquam diam dolore ut aliquam adipiscing lorem ipsum adipiscing dolore sed nonummy amet dolor tincidunt sit ut diam sed consectetuer euismod diam nibh dolore ipsum ipsum magna nibh adipiscing euismod ipsum aliquam lorem sed sed erat sed euismod aliquam sed nibh erat dolor sed lorem magna adipiscing nibh diam. erat amet dolor tincidunt dolor sit diam aliquam erat euismod magna sed sed ut tincidunt laoreet nonummy nonummy laoreet tincidunt ut laoreet ipsum nibh lorem tincidunt tincidunt elit dolor laoreet sit laoreet consectetuer dolor elit sed aliquam amet magna consectetuer erat lorem sed lorem ipsum erat sit amet sed euismod nonummy elit nonummy aliquam laoreet amet dolor nibh tincidunt sed nonummy dolor laoreet amet sed ipsum dolor consectetuer elit amet dolore consectetuer euismod nonummy ut tincidunt adipiscing ipsum diam ipsum nonummy sed aliquam nonummy consectetuer dolore consectetuer elit elit dolor adipiscing elit nonummy sed laoreet dolore amet amet nibh. erat dolore magna dolore amet dolore amet laoreet erat sit ipsum aliquam lorem ipsum euismod aliquam ipsum sit consectetuer aliquam euismod dolore laoreet aliquam amet magna sed ut sit laoreet magna sed ipsum nonummy nonummy amet euismod nibh ut tincidunt ipsum lorem consectetuer sit consectetuer amet adipiscing adipiscing aliquam nonummy tincidunt euismod erat adipiscing erat dolor lorem erat nibh adipiscing elit diam euismod amet consectetuer euismod dolore nonummy nibh elit consectetuer diam diam nibh magna nibh nibh nibh euismod lorem nibh dolor laoreet euismod ipsum consectetuer diam laoreet nibh elit sit tincidunt erat elit consectetuer nibh sed lorem aliquam. euismod elit dolore laoreet nibh amet amet dolor elit sed elit nibh diam adipiscing nibh laoreet consectetuer tincidunt erat dolor lorem sit ipsum erat amet sit euismod diam dolor adipiscing consectetuer sit nonummy tincidunt erat euismod laoreet elit amet sed magna dolor ipsum adipiscing sit laoreet ut elit sed euismod lorem magna diam aliquam magna diam adipiscing magna nonummy sed euismod ut lorem ipsum dolor amet ipsum laoreet adipiscing erat erat aliquam diam nibh amet magna ipsum laoreet laoreet sed sed consectetuer ipsum nonummy consectetuer elit tincidunt nibh laoreet nonummy adipiscing aliquam dolore dolore laoreet sit dolor lorem sit. \r\n",
      "ImageUrl": "/Assets/ApplicationLogo.png",
      "FeedUrl": "http://www.facebook.com/7",
      "Author": "8 sample value for column Author",
      "PublishDate": "\/Date(1424892253000)\/"
    },
    {
      "Title": "9 sample value for column Title",
      "Summary": "Lorem ipsum dolor sit amet, constecteuer lorem diam euismod ipsum sed aliquam tincidunt erat elit nonummy ipsum dolor erat elit tincidunt nonummy laoreet ut nonummy diam erat laoreet euismod ipsum dolor tincidunt laoreet ipsum laoreet ipsum nibh laoreet ut diam amet nibh magna amet erat laoreet aliquam laoreet sit laoreet dolore tincidunt magna elit diam euismod. amet sed diam consectetuer erat amet dolore nibh erat laoreet dolor euismod amet consectetuer aliquam adipiscing sed diam sit ipsum euismod nibh laoreet ut nonummy sit euismod magna amet sed laoreet sed nibh sit magna sit consectetuer sed nonummy lorem ut adipiscing consectetuer sit euismod adipiscing nibh magna dolore diam. consectetuer elit amet sed erat euismod tincidunt ut ut laoreet nibh erat adipiscing nonummy erat ut lorem lorem sed laoreet lorem erat erat sit adipiscing consectetuer adipiscing nibh dolor amet nibh ut lorem laoreet sit sed sit sit sit amet nonummy nibh ut ut sed laoreet lorem ut sit magna. consectetuer nibh diam ipsum diam adipiscing sed ipsum ipsum ut adipiscing ipsum euismod diam sit dolore erat nibh elit nibh nibh magna dolore sit consectetuer diam amet amet ut nibh amet nibh sed amet erat lorem consectetuer erat consectetuer dolore erat dolor ipsum diam aliquam sed erat amet nonummy nibh. \r\n",
      "Content": "Lorem ipsum dolor sit amet, constecteuer euismod adipiscing elit ut consectetuer laoreet lorem ipsum amet adipiscing nonummy diam ut tincidunt elit nonummy sit nibh erat consectetuer nonummy euismod sed dolore elit consectetuer dolore diam lorem ut sit ut laoreet amet laoreet magna nibh adipiscing erat sit consectetuer laoreet ut laoreet nonummy lorem amet laoreet nibh ut elit erat dolore amet magna erat magna nibh elit lorem aliquam nonummy ipsum nonummy dolor laoreet tincidunt diam magna nonummy aliquam dolore nibh laoreet lorem laoreet magna tincidunt consectetuer adipiscing lorem lorem aliquam consectetuer adipiscing amet magna nibh elit dolore erat lorem erat aliquam. amet ut tincidunt amet tincidunt laoreet adipiscing ut aliquam ipsum dolore nonummy sed ipsum sit ipsum ipsum amet consectetuer lorem lorem aliquam euismod dolore sit aliquam magna dolor dolor lorem nonummy magna magna euismod nonummy consectetuer ipsum tincidunt erat nonummy lorem consectetuer dolor dolore sed dolore laoreet dolore elit consectetuer ut laoreet laoreet aliquam aliquam adipiscing dolor magna ipsum ut magna sit euismod aliquam nibh erat euismod laoreet nonummy aliquam erat sed consectetuer laoreet erat ut dolore laoreet elit elit dolor lorem laoreet dolore adipiscing laoreet dolor erat tincidunt amet sit amet nibh consectetuer. euismod magna tincidunt amet consectetuer diam sit lorem adipiscing diam consectetuer consectetuer nonummy erat erat amet nonummy adipiscing diam tincidunt nibh dolore sed laoreet nibh dolore magna tincidunt ipsum adipiscing ut ut dolore lorem dolor dolor lorem nibh nonummy aliquam sit dolor ut consectetuer nibh lorem consectetuer dolor erat diam tincidunt dolore laoreet aliquam tincidunt dolore sed aliquam euismod diam euismod nonummy aliquam erat ut nonummy sed nonummy magna dolore sit aliquam dolore nibh diam diam ipsum dolor amet nibh nibh ut tincidunt euismod tincidunt aliquam erat aliquam elit consectetuer tincidunt dolor erat ipsum. \r\nadipiscing tincidunt amet ut nibh lorem nibh laoreet amet sit adipiscing ut lorem amet sed sit ut adipiscing ut lorem magna magna dolore adipiscing adipiscing dolore nibh nonummy sit nibh sit lorem aliquam laoreet amet dolore consectetuer elit nonummy sit lorem dolore diam nonummy adipiscing aliquam magna laoreet nonummy sit nibh elit sed erat sit sed magna aliquam sed laoreet diam ipsum euismod tincidunt lorem consectetuer dolore consectetuer erat nibh aliquam elit laoreet nonummy lorem ipsum elit adipiscing erat sed aliquam laoreet erat erat erat laoreet euismod erat nibh laoreet erat adipiscing erat laoreet. ut aliquam amet dolore nonummy lorem dolor euismod dolore aliquam amet amet nibh aliquam erat ipsum ipsum nonummy aliquam erat dolore tincidunt ipsum euismod tincidunt amet tincidunt dolore tincidunt sit euismod nibh sed lorem laoreet ipsum magna nonummy dolore erat adipiscing consectetuer erat lorem ut laoreet amet tincidunt lorem diam ut sed sed erat aliquam ipsum dolore nibh sit consectetuer elit consectetuer aliquam euismod adipiscing euismod dolore nibh sit magna sit nonummy ut erat euismod nonummy tincidunt ipsum magna magna lorem erat dolore sit sed amet sit sed ipsum tincidunt amet adipiscing elit nonummy. nibh lorem adipiscing elit ut dolor erat euismod nonummy dolor consectetuer sit tincidunt diam adipiscing sed sed laoreet ut consectetuer consectetuer sed diam laoreet sit ipsum diam elit nonummy diam euismod magna sit amet sed nibh sit consectetuer adipiscing laoreet aliquam elit sed tincidunt magna consectetuer nonummy ut ipsum euismod amet sed nibh ipsum consectetuer dolor nibh nibh sit euismod euismod nibh dolor lorem nonummy sed lorem diam ipsum ut amet dolor diam aliquam elit magna lorem laoreet magna aliquam nibh laoreet consectetuer magna amet amet consectetuer ipsum aliquam consectetuer lorem nibh dolor tincidunt. \r\n",
      "ImageUrl": "/Assets/ApplicationLogo.png",
      "FeedUrl": "http://www.facebook.com/8",
      "Author": "9 sample value for column Author",
      "PublishDate": "\/Date(1424892253000)\/"
    },
    {
      "Title": "10 sample value for column Title",
      "Summary": "Lorem ipsum dolor sit amet, constecteuer elit sit diam amet lorem euismod elit sed dolor erat tincidunt ut elit dolor dolore ut amet ipsum magna adipiscing amet laoreet consectetuer dolor erat nonummy laoreet ut euismod lorem dolore dolore ipsum euismod euismod euismod elit tincidunt nonummy dolor aliquam sed dolor. amet euismod adipiscing nibh sit amet magna magna nibh consectetuer lorem lorem nibh magna elit consectetuer nonummy magna euismod dolore ipsum dolor magna tincidunt ut nonummy sit elit nibh nibh ut elit laoreet euismod lorem diam euismod erat euismod nonummy laoreet dolor amet. nonummy ipsum nibh lorem ut erat elit lorem consectetuer adipiscing euismod ipsum dolor laoreet tincidunt dolore euismod lorem nonummy adipiscing lorem nonummy euismod amet erat dolore aliquam tincidunt nonummy amet dolor ipsum erat aliquam adipiscing nibh dolor diam sed elit sit nibh diam. \r\n",
      "Content": "Lorem ipsum dolor sit amet, constecteuer aliquam tincidunt aliquam dolor erat diam amet dolore amet erat sed elit ipsum aliquam ipsum tincidunt diam lorem amet nibh dolor sit diam ipsum tincidunt sit nibh dolor dolor sed ipsum nibh ipsum elit magna amet laoreet elit consectetuer euismod dolore dolor tincidunt adipiscing sit laoreet sed nonummy adipiscing diam ipsum diam magna nibh diam laoreet amet dolore diam dolore aliquam dolor ut laoreet aliquam dolore consectetuer tincidunt lorem dolore aliquam dolor laoreet nibh laoreet erat nonummy dolor aliquam magna ut ipsum dolore euismod elit nibh ut diam magna dolor lorem aliquam aliquam sed ut tincidunt. sed magna elit adipiscing nonummy ut diam diam nonummy erat ut consectetuer dolore nonummy amet ipsum aliquam nibh ipsum dolore consectetuer ipsum sed elit dolor dolore dolore magna dolore lorem sit adipiscing magna ipsum nibh euismod laoreet nibh elit erat nibh elit ipsum elit magna sed euismod elit aliquam aliquam erat elit adipiscing magna sed adipiscing diam lorem sit tincidunt aliquam euismod tincidunt nonummy laoreet sed elit laoreet aliquam euismod adipiscing elit sit dolor consectetuer aliquam lorem lorem diam tincidunt sit sed erat magna ipsum dolore erat lorem euismod consectetuer sit ut elit ut lorem erat. \r\ntincidunt nibh nibh diam ipsum dolore diam adipiscing euismod euismod sit amet nibh diam adipiscing sed nonummy nonummy nonummy nonummy euismod laoreet sed erat sed elit dolor tincidunt sed euismod erat diam ipsum consectetuer amet sed diam lorem euismod elit erat tincidunt consectetuer diam euismod ut sed sit erat laoreet sit magna amet nonummy elit aliquam dolor euismod lorem tincidunt tincidunt laoreet magna lorem tincidunt ut sit consectetuer amet magna aliquam diam aliquam dolor nibh aliquam nonummy erat elit ut erat erat ut euismod sed ipsum amet nonummy aliquam adipiscing consectetuer dolore lorem aliquam tincidunt sit. dolore consectetuer dolore magna nibh dolor aliquam ipsum dolore ut erat ipsum erat sed elit sit consectetuer consectetuer ut ut ipsum amet euismod nibh diam euismod elit aliquam nibh dolor diam erat diam elit dolor consectetuer sit diam dolor dolore lorem euismod dolore tincidunt dolor sit nibh nonummy aliquam dolor nibh ut sit erat ipsum nibh euismod amet elit erat laoreet lorem nonummy ut amet erat nibh nibh adipiscing dolor lorem laoreet sit aliquam tincidunt diam sed aliquam sed adipiscing lorem dolore erat diam nonummy ut laoreet nonummy adipiscing nibh euismod aliquam ipsum sit ipsum erat. \r\n",
      "ImageUrl": "/Assets/ApplicationLogo.png",
      "FeedUrl": "http://www.facebook.com/9",
      "Author": "10 sample value for column Author",
      "PublishDate": "\/Date(1424892253000)\/"
    }
  ]
}