{
  "Items": [
    {
      "Title": "1 sample value for column Title",
      "ImageUrl": "/Assets/ApplicationLogo.png",
      "ThumbnailUrl": "/Assets/ApplicationLogo.png",
      "SourceUrl": "/Assets/ApplicationLogo.png",
      "Published": "\/Date(1424892253000)\/",
      "Author": "1 sample value for column Author"
    },
    {
      "Title": "2 sample value for column Title",
      "ImageUrl": "/Assets/ApplicationLogo.png",
      "ThumbnailUrl": "/Assets/ApplicationLogo.png",
      "SourceUrl": "/Assets/ApplicationLogo.png",
      "Published": "\/Date(1424892253000)\/",
      "Author": "2 sample value for column Author"
    },
    {
      "Title": "3 sample value for column Title",
      "ImageUrl": "/Assets/ApplicationLogo.png",
      "ThumbnailUrl": "/Assets/ApplicationLogo.png",
      "SourceUrl": "/Assets/ApplicationLogo.png",
      "Published": "\/Date(1424892253000)\/",
      "Author": "3 sample value for column Author"
    },
    {
      "Title": "4 sample value for column Title",
      "ImageUrl": "/Assets/ApplicationLogo.png",
      "ThumbnailUrl": "/Assets/ApplicationLogo.png",
      "SourceUrl": "/Assets/ApplicationLogo.png",
      "Published": "\/Date(1424892253000)\/",
      "Author": "4 sample value for column Author"
    },
    {
      "Title": "5 sample value for column Title",
      "ImageUrl": "/Assets/ApplicationLogo.png",
      "ThumbnailUrl": "/Assets/ApplicationLogo.png",
      "SourceUrl": "/Assets/ApplicationLogo.png",
      "Published": "\/Date(1424892253000)\/",
      "Author": "5 sample value for column Author"
    },
    {
      "Title": "6 sample value for column Title",
      "ImageUrl": "/Assets/ApplicationLogo.png",
      "ThumbnailUrl": "/Assets/ApplicationLogo.png",
      "SourceUrl": "/Assets/ApplicationLogo.png",
      "Published": "\/Date(1424892253000)\/",
      "Author": "6 sample value for column Author"
    },
    {
      "Title": "7 sample value for column Title",
      "ImageUrl": "/Assets/ApplicationLogo.png",
      "ThumbnailUrl": "/Assets/ApplicationLogo.png",
      "SourceUrl": "/Assets/ApplicationLogo.png",
      "Published": "\/Date(1424892253000)\/",
      "Author": "7 sample value for column Author"
    },
    {
      "Title": "8 sample value for column Title",
      "ImageUrl": "/Assets/ApplicationLogo.png",
      "ThumbnailUrl": "/Assets/ApplicationLogo.png",
      "SourceUrl": "/Assets/ApplicationLogo.png",
      "Published": "\/Date(1424892253000)\/",
      "Author": "8 sample value for column Author"
    },
    {
      "Title": "9 sample value for column Title",
      "ImageUrl": "/Assets/ApplicationLogo.png",
      "ThumbnailUrl": "/Assets/ApplicationLogo.png",
      "SourceUrl": "/Assets/ApplicationLogo.png",
      "Published": "\/Date(1424892253000)\/",
      "Author": "9 sample value for column Author"
    },
    {
      "Title": "10 sample value for column Title",
      "ImageUrl": "/Assets/ApplicationLogo.png",
      "ThumbnailUrl": "/Assets/ApplicationLogo.png",
      "SourceUrl": "/Assets/ApplicationLogo.png",
      "Published": "\/Date(1424892253000)\/",
      "Author": "10 sample value for column Author"
    }
  ]
}