{
  "Items": [
    {
      "Title": "1 sample value for column Title",
      "Summary": "Lorem ipsum dolor sit amet, constecteuer dolor adipiscing adipiscing ipsum sit lorem dolor lorem erat sit nibh laoreet consectetuer ut sit dolore tincidunt euismod ipsum lorem lorem dolore amet elit aliquam dolore laoreet sit adipiscing diam lorem dolor sed magna magna erat amet ut sit elit elit amet dolore consectetuer aliquam. dolor nonummy amet euismod euismod nibh sit magna laoreet elit adipiscing ipsum aliquam sit elit consectetuer erat tincidunt nonummy dolor sed adipiscing elit dolore sit nibh aliquam diam ut tincidunt dolore erat aliquam sed laoreet consectetuer nonummy nonummy ut magna magna consectetuer tincidunt nonummy nibh. magna adipiscing nonummy laoreet ipsum sed nonummy adipiscing dolor diam laoreet dolor elit diam ipsum euismod tincidunt dolor ipsum nibh adipiscing sit diam sed ipsum ut sed erat euismod consectetuer sit tincidunt magna consectetuer consectetuer consectetuer sed tincidunt euismod amet consectetuer tincidunt laoreet aliquam erat. dolor sit ipsum tincidunt consectetuer sit dolor nibh aliquam consectetuer ut dolore dolor ut elit lorem nonummy ut magna adipiscing dolor consectetuer dolor sit laoreet amet lorem nonummy dolore consectetuer tincidunt elit nonummy sed aliquam nibh adipiscing adipiscing adipiscing ipsum lorem ipsum erat erat nonummy. sed adipiscing erat consectetuer amet ut aliquam aliquam euismod magna magna lorem aliquam magna ipsum sit euismod ut euismod nibh elit consectetuer ut laoreet dolore tincidunt amet elit dolore adipiscing ipsum adipiscing dolor euismod adipiscing aliquam lorem consectetuer nibh nonummy ut diam aliquam nonummy ipsum. \r\n",
      "ImageUrl": "/Assets/ApplicationLogo.png",
      "VideoId": "1 sample value for column VideoId",
      "VideoUrl": "http://www.youtube.com/?v=0"
    },
    {
      "Title": "2 sample value for column Title",
      "Summary": "Lorem ipsum dolor sit amet, constecteuer consectetuer magna sed adipiscing adipiscing elit sit sit euismod amet sed nibh nonummy nibh ipsum adipiscing dolore nibh magna consectetuer nonummy sit dolor adipiscing dolor ipsum magna aliquam adipiscing sit ut consectetuer consectetuer ut ipsum erat magna ut erat ut diam sit adipiscing dolore dolore. lorem lorem dolor elit euismod ut diam euismod dolor erat dolor ut ipsum sit amet nonummy amet dolore sed nonummy sit adipiscing dolore diam dolor sed ipsum nibh sit dolore adipiscing magna adipiscing nonummy dolor ipsum ut nibh ut sed amet euismod dolor laoreet erat. amet dolore nonummy ut amet consectetuer adipiscing magna adipiscing tincidunt ut amet tincidunt consectetuer amet euismod magna diam consectetuer euismod consectetuer sed nibh ipsum sit laoreet tincidunt dolor lorem consectetuer nonummy sit lorem diam aliquam euismod nibh dolore aliquam nibh lorem erat erat dolore sed. \r\n",
      "ImageUrl": "/Assets/ApplicationLogo.png",
      "VideoId": "2 sample value for column VideoId",
      "VideoUrl": "http://www.youtube.com/?v=1"
    },
    {
      "Title": "3 sample value for column Title",
      "Summary": "Lorem ipsum dolor sit amet, constecteuer diam dolore adipiscing sit dolore dolor ut laoreet amet diam nibh diam euismod sit magna ipsum sit nonummy sit sit elit nibh ipsum lorem nibh ut euismod consectetuer diam ut tincidunt adipiscing ut adipiscing tincidunt sit aliquam elit adipiscing aliquam laoreet dolor elit ipsum. consectetuer diam erat dolore dolor aliquam tincidunt magna tincidunt magna erat aliquam ut adipiscing nibh dolor nonummy diam adipiscing nonummy dolore consectetuer ut consectetuer nonummy tincidunt dolor dolore amet consectetuer sed amet amet erat laoreet ipsum laoreet laoreet dolor nonummy ipsum dolore euismod dolore. \r\n",
      "ImageUrl": "/Assets/ApplicationLogo.png",
      "VideoId": "3 sample value for column VideoId",
      "VideoUrl": "http://www.youtube.com/?v=2"
    },
    {
      "Title": "4 sample value for column Title",
      "Summary": "Lorem ipsum dolor sit amet, constecteuer euismod laoreet amet elit adipiscing laoreet magna consectetuer erat ut ut adipiscing diam laoreet magna euismod sed diam ut ut ut nibh diam adipiscing ut adipiscing laoreet diam lorem tincidunt magna magna laoreet amet nonummy ipsum lorem magna dolor diam adipiscing ut laoreet elit ipsum. diam euismod ut amet sit amet elit tincidunt lorem ut ipsum consectetuer magna tincidunt erat erat sed amet adipiscing dolore dolore nonummy consectetuer consectetuer laoreet euismod nonummy adipiscing amet elit erat laoreet dolor amet amet tincidunt lorem consectetuer dolore sed nonummy sit laoreet diam sed. laoreet dolor amet dolor diam aliquam diam sed nonummy amet erat elit diam sed nibh tincidunt ipsum sed tincidunt ut consectetuer dolor euismod sed consectetuer aliquam dolor sed aliquam adipiscing tincidunt laoreet laoreet dolore lorem diam adipiscing amet laoreet sed nonummy elit nibh lorem consectetuer. adipiscing nibh magna consectetuer laoreet diam ut ipsum laoreet sit euismod diam laoreet magna nibh laoreet ipsum nonummy amet nibh amet nibh euismod sed dolor elit dolore tincidunt amet amet aliquam nibh euismod sit erat adipiscing consectetuer dolor sit magna aliquam tincidunt lorem tincidunt elit. \r\n",
      "ImageUrl": "/Assets/ApplicationLogo.png",
      "VideoId": "4 sample value for column VideoId",
      "VideoUrl": "http://www.youtube.com/?v=3"
    },
    {
      "Title": "5 sample value for column Title",
      "Summary": "Lorem ipsum dolor sit amet, constecteuer sit euismod sed magna adipiscing sed ipsum ut erat sed sit elit euismod ipsum magna nonummy consectetuer ipsum magna nibh magna amet diam erat elit elit tincidunt nonummy nonummy erat lorem dolor laoreet diam diam nibh dolore lorem amet amet dolor amet elit dolore. erat laoreet consectetuer dolore dolore diam sed consectetuer dolor erat diam erat dolor diam nonummy erat laoreet nonummy amet lorem elit lorem euismod dolor nibh consectetuer ut amet dolore tincidunt diam tincidunt dolore euismod erat nibh dolor dolore ut lorem nonummy laoreet lorem laoreet. lorem nonummy sed adipiscing nonummy consectetuer sed nibh lorem elit diam erat sit dolor consectetuer nonummy laoreet sit diam diam nonummy laoreet dolor diam diam aliquam magna erat dolore sit diam euismod lorem dolore ipsum ipsum dolore elit ut nibh amet magna tincidunt diam. sit lorem sed erat nonummy amet consectetuer elit adipiscing nibh consectetuer amet elit erat magna nibh sed diam laoreet dolore aliquam dolore aliquam adipiscing ipsum sit tincidunt elit diam magna amet tincidunt dolor tincidunt consectetuer diam diam magna sed euismod magna ipsum adipiscing sed. \r\n",
      "ImageUrl": "/Assets/ApplicationLogo.png",
      "VideoId": "5 sample value for column VideoId",
      "VideoUrl": "http://www.youtube.com/?v=4"
    },
    {
      "Title": "6 sample value for column Title",
      "Summary": "Lorem ipsum dolor sit amet, constecteuer magna nonummy dolor dolor ut ipsum dolore nonummy elit ipsum ipsum aliquam elit nonummy aliquam magna sed adipiscing nibh dolor tincidunt tincidunt elit dolor nonummy ipsum sit erat dolore diam diam laoreet amet diam dolore dolore adipiscing ut nonummy nibh consectetuer dolor aliquam elit sed erat ipsum ipsum. aliquam amet aliquam dolor erat ut lorem amet dolor lorem euismod tincidunt aliquam dolore ut magna nibh consectetuer ut magna tincidunt ipsum nibh tincidunt dolore lorem dolore nonummy ut lorem tincidunt nibh lorem ipsum lorem euismod nibh elit dolore diam sed euismod ut adipiscing dolor magna tincidunt diam. sed ipsum dolore dolor consectetuer sit sed magna euismod amet adipiscing aliquam magna nonummy diam dolor adipiscing lorem euismod dolore dolore dolor consectetuer amet diam amet sed ipsum elit amet nonummy erat elit elit dolor tincidunt sit nibh adipiscing dolore tincidunt sit erat adipiscing ipsum magna euismod aliquam. dolor nibh lorem ipsum amet dolore euismod adipiscing laoreet nibh tincidunt ipsum ut adipiscing nonummy sed ut elit nibh nonummy sed dolore aliquam ut ut dolore sit tincidunt sit erat sit nibh nibh nonummy aliquam laoreet amet sed ut nonummy ut dolore aliquam euismod aliquam consectetuer ipsum adipiscing. tincidunt nonummy euismod ut consectetuer ipsum nonummy adipiscing euismod consectetuer elit sed euismod erat sit laoreet sed ipsum diam amet elit ut amet consectetuer euismod ipsum laoreet euismod magna adipiscing dolore diam ut dolore lorem euismod adipiscing diam consectetuer nonummy lorem euismod dolor aliquam ipsum adipiscing magna ut. \r\n",
      "ImageUrl": "/Assets/ApplicationLogo.png",
      "VideoId": "6 sample value for column VideoId",
      "VideoUrl": "http://www.youtube.com/?v=5"
    },
    {
      "Title": "7 sample value for column Title",
      "Summary": "Lorem ipsum dolor sit amet, constecteuer dolore laoreet magna aliquam aliquam adipiscing elit ipsum amet consectetuer aliquam sed adipiscing diam magna ut dolore erat nonummy sed erat dolore aliquam sit laoreet nibh consectetuer sit consectetuer sit ipsum erat ut dolor erat tincidunt dolore aliquam ipsum consectetuer erat elit lorem. amet dolor sit dolore diam amet euismod ipsum ut dolor tincidunt consectetuer lorem dolore tincidunt sit elit ipsum sit dolore ipsum amet aliquam ut amet nonummy sit magna magna aliquam consectetuer sed nibh laoreet ut ipsum nibh laoreet laoreet erat tincidunt ipsum adipiscing. \r\n",
      "ImageUrl": "/Assets/ApplicationLogo.png",
      "VideoId": "7 sample value for column VideoId",
      "VideoUrl": "http://www.youtube.com/?v=6"
    },
    {
      "Title": "8 sample value for column Title",
      "Summary": "Lorem ipsum dolor sit amet, constecteuer aliquam magna dolor ut ut sit dolore nonummy erat lorem sit diam euismod erat lorem ut sit dolore dolore consectetuer tincidunt consectetuer dolor nibh nibh nibh consectetuer sit sit lorem magna dolor tincidunt adipiscing nibh adipiscing ut sit amet ipsum euismod lorem dolore ut aliquam dolor dolor dolore erat. aliquam magna nonummy lorem laoreet sit tincidunt ut nonummy dolor dolor aliquam euismod elit aliquam dolor ipsum dolore consectetuer elit tincidunt erat lorem euismod laoreet euismod euismod sed sed tincidunt diam diam diam amet amet dolor elit ipsum magna sit aliquam nibh amet lorem ipsum sit erat tincidunt magna. \r\n",
      "ImageUrl": "/Assets/ApplicationLogo.png",
      "VideoId": "8 sample value for column VideoId",
      "VideoUrl": "http://www.youtube.com/?v=7"
    },
    {
      "Title": "9 sample value for column Title",
      "Summary": "Lorem ipsum dolor sit amet, constecteuer magna sed consectetuer aliquam dolore magna consectetuer dolor nibh amet adipiscing magna tincidunt tincidunt sed elit sit dolore ut erat aliquam dolor diam dolor laoreet lorem nonummy nibh tincidunt erat nibh dolore dolore sit nibh lorem erat consectetuer adipiscing nonummy dolore ut nibh tincidunt. consectetuer adipiscing elit sed ut nibh diam ipsum magna magna elit laoreet erat sit sit laoreet elit tincidunt diam nibh tincidunt nonummy lorem diam dolor sed sed magna diam amet sit sit nonummy dolore dolore sed tincidunt dolor dolore ipsum diam diam aliquam erat. laoreet laoreet ipsum dolore dolor nonummy sit dolor amet lorem lorem ut adipiscing magna adipiscing adipiscing sit euismod nibh tincidunt ut amet consectetuer dolor adipiscing ut dolor amet dolore sed ipsum sit nibh ipsum tincidunt adipiscing elit nibh laoreet erat lorem lorem aliquam diam. laoreet dolor dolor dolore dolore nonummy aliquam magna aliquam consectetuer amet nibh nonummy aliquam nonummy elit sed aliquam consectetuer dolore aliquam magna sit amet sit erat erat nibh dolore euismod euismod tincidunt consectetuer laoreet elit sit euismod adipiscing sed consectetuer nonummy amet amet adipiscing. dolore ipsum laoreet sed ipsum sed nibh dolor ut dolor nibh aliquam aliquam magna euismod dolore nibh adipiscing lorem adipiscing euismod nibh adipiscing laoreet nibh adipiscing ut dolor nonummy lorem consectetuer tincidunt euismod dolore sed dolor amet nonummy nonummy sed lorem nonummy erat dolor. \r\n",
      "ImageUrl": "/Assets/ApplicationLogo.png",
      "VideoId": "9 sample value for column VideoId",
      "VideoUrl": "http://www.youtube.com/?v=8"
    },
    {
      "Title": "10 sample value for column Title",
      "Summary": "Lorem ipsum dolor sit amet, constecteuer laoreet tincidunt nibh ut amet amet aliquam tincidunt consectetuer laoreet lorem magna ut tincidunt diam nibh ut dolore magna adipiscing dolor diam nonummy euismod ipsum dolore nibh consectetuer ipsum nibh sit nibh dolor ipsum erat sed aliquam consectetuer ipsum diam tincidunt dolor dolor. adipiscing sit euismod laoreet ut nibh aliquam amet adipiscing adipiscing ipsum dolor adipiscing sit erat euismod sed euismod euismod nibh tincidunt nibh diam ut tincidunt ut lorem tincidunt sed ut elit euismod erat adipiscing sit sed sed lorem dolore ut sit adipiscing magna. amet ipsum aliquam euismod consectetuer aliquam tincidunt tincidunt magna lorem nibh sed laoreet ut magna dolor erat nonummy consectetuer dolore nibh aliquam sed sit erat erat nibh sit elit laoreet aliquam sed adipiscing tincidunt amet tincidunt ut ipsum laoreet ut ut ipsum nonummy. \r\n",
      "ImageUrl": "/Assets/ApplicationLogo.png",
      "VideoId": "10 sample value for column VideoId",
      "VideoUrl": "http://www.youtube.com/?v=9"
    }
  ]
}